URL Length,Hostname Length,Subdomain Count,Path Depth,Query Parameters,Percent Encoded Characters,Hostname Hyphens,Hostname Digits,Hostname Entropy,label
42,11,0,3,0,0,0,0,3.1,1
25,17,1,0,0,0,0,0,3.18,0
48,11,0,4,0,0,0,0,3.1,1
53,11,0,1,1,0,0,0,3.1,1
33,20,0,1,0,0,3,2,3.41,1
48,11,0,1,2,0,0,0,3.1,1
22,14,1,0,0,0,0,0,3.18,0
19,11,0,0,0,0,0,0,3.28,0
46,32,1,1,0,0,2,0,3.91,1
19,11,0,0,0,0,0,0,3.1,0
22,14,1,0,0,0,0,0,2.84,0
51,11,0,4,0,0,0,0,3.1,1
18,10,0,0,0,0,0,0,3.32,0
23,15,1,0,0,0,0,0,3.19,0
25,12,2,1,0,0,0,9,2.52,1
25,17,1,0,0,0,0,0,3.22,0
